Timestamp,Video File,Color (CSS3),Substance,Cumulative Area
2025-04-28 21:26:56,IMG_1136.MOV,slateblue-steelblue,milk,0.06pxx2
2025-04-28 21:27:06,IMG_1136.MOV,slateblue-steelblue,Unknown,0.13pxx2
2025-04-28 21:27:15,IMG_1136.MOV,slateblue-mediumslateblue,milk,0.21pxx2
2025-04-28 21:27:49,IMG_1136.MOV,lightgreen-darkseagreen,Unknown,1.26pxx2
2025-04-28 21:27:49,IMG_1136.MOV,darkseagreen-mediumaquamarine,Unknown,3.02pxx2
2025-04-28 21:29:54,IMG_1136.MOV,lightgreen-mediumaquamarine,Unknown,4.16pxx2
2025-04-28 21:29:54,IMG_1136.MOV,mediumpurple-mediumorchid,Unknown,4.22pxx2
2025-04-28 21:30:12,IMG_1136.MOV,lightgreen-mediumaquamarine,Unknown,5.30pxx2
2025-04-28 21:30:13,IMG_1136.MOV,lightgreen-mediumaquamarine,Unknown,6.37pxx2
2025-04-28 21:30:13,IMG_1136.MOV,lightgreen-mediumaquamarine,Unknown,7.47pxx2
2025-04-28 21:30:14,IMG_1136.MOV,lightgreen-mediumaquamarine,Unknown,8.56pxx2
2025-04-28 21:30:14,IMG_1136.MOV,lightgreen-mediumaquamarine,Unknown,9.62pxx2
2025-04-28 21:30:16,IMG_1136.MOV,lightgreen-mediumaquamarine,Unknown,10.65pxx2
2025-04-28 21:31:41,IMG_1136.MOV,mediumaquamarine-lightgreen,Unknown,11.97pxx2
2025-04-28 21:31:42,IMG_1136.MOV,mediumaquamarine-lightgreen,Unknown,13.30pxx2
2025-04-28 21:31:42,IMG_1136.MOV,mediumaquamarine-lightgreen,Unknown,14.60pxx2
2025-04-28 21:31:43,IMG_1136.MOV,mediumaquamarine-lightgreen,Unknown,15.90pxx2
2025-04-28 21:51:33,IMG_1136.MOV,lightgray-silver,phanta,16.48pxx2
2025-04-28 21:51:33,IMG_1136.MOV,lightgray-silver,phanta,17.06pxx2
2025-04-28 21:51:34,IMG_1136.MOV,lightgray-silver,phanta,17.63pxx2
2025-04-28 22:08:13,IMG_1138.MOV,lightgray-gainsboro,phanta,18.39pxx2
2025-04-28 22:08:13,IMG_1138.MOV,lavender-lightcyan,lavanodaka_water,19.03pxx2
2025-04-28 22:08:13,IMG_1138.MOV,lightgray-silver,phanta,19.90pxx2
2025-04-28 22:08:13,IMG_1138.MOV,lavender-lightcyan,lavanodaka_water,20.54pxx2
2025-04-28 22:08:14,IMG_1138.MOV,gainsboro,saliva_water,21.17pxx2
2025-04-28 22:08:14,IMG_1138.MOV,gainsboro-lightgray,saliva_water,21.96pxx2
2025-04-28 22:08:14,IMG_1138.MOV,gainsboro-lightgray,saliva_water,22.59pxx2
2025-04-28 22:08:15,IMG_1138.MOV,gainsboro,saliva_water,23.24pxx2
2025-04-28 22:08:15,IMG_1138.MOV,darkseagreen-darkgray,Unknown,24.56pxx2
2025-04-28 22:08:15,IMG_1138.MOV,powderblue-lightblue,phanta,25.36pxx2
2025-04-28 22:08:16,IMG_1138.MOV,gainsboro,saliva_water,26.04pxx2
2025-04-28 22:08:16,IMG_1138.MOV,gainsboro,saliva_water,26.68pxx2
2025-04-28 22:08:17,IMG_1138.MOV,darkseagreen-darkgray,Unknown,28.11pxx2
2025-04-28 22:09:40,IMG_1138.MOV,slateblue-steelblue,Unknown,28.18pxx2
2025-04-28 22:09:44,IMG_1138.MOV,slateblue-steelblue,Unknown,28.25pxx2
2025-04-28 22:09:52,IMG_1138.MOV,slateblue-steelblue,Unknown,28.30pxx2
2025-04-28 22:09:52,IMG_1138.MOV,tan-darkkhaki,Unknown,30.24pxx2
2025-04-28 22:09:57,IMG_1138.MOV,slateblue-steelblue,Unknown,30.30pxx2
2025-04-28 22:09:57,IMG_1138.MOV,darkkhaki-tan,Unknown,32.24pxx2
2025-04-28 22:37:45,IMG_1140.MOV,slateblue-steelblue,milk,32.30pxx2
2025-04-28 22:37:45,IMG_1140.MOV,linen-lavenderblush,milk_lavanodaka,32.87pxx2
2025-04-28 22:44:40,IMG_1143.MOV,paleturquoise-powderblue,phanta,33.33pxx2
2025-04-28 22:45:18,IMG_1143.MOV,paleturquoise-powderblue,phanta,33.80pxx2
2025-04-28 22:45:48,IMG_1143.MOV,paleturquoise-powderblue,phanta,34.27pxx2
2025-04-28 22:45:54,IMG_1143.MOV,paleturquoise-powderblue,phanta,34.75pxx2
2025-04-28 22:46:04,IMG_1143.MOV,paleturquoise-powderblue,phanta,35.22pxx2
2025-04-28 22:46:31,IMG_1143.MOV,paleturquoise-powderblue,phanta,35.68pxx2
2025-04-28 22:46:56,IMG_1143.MOV,paleturquoise-powderblue,phanta,36.15pxx2
2025-04-28 22:46:56,IMG_1143.MOV,lightsteelblue,Unknown,36.99pxx2
2025-04-28 22:46:59,IMG_1143.MOV,paleturquoise-powderblue,phanta,37.46pxx2
2025-04-28 22:46:59,IMG_1143.MOV,powderblue-paleturquoise,phanta,37.96pxx2
2025-04-28 22:47:01,IMG_1143.MOV,paleturquoise-powderblue,phanta,38.42pxx2
2025-04-28 22:47:02,IMG_1143.MOV,paleturquoise-powderblue,phanta,38.89pxx2
2025-04-28 22:47:02,IMG_1143.MOV,paleturquoise-lightcyan,phanta,39.35pxx2
2025-04-28 22:47:02,IMG_1143.MOV,paleturquoise-powderblue,phanta,39.82pxx2
2025-04-28 22:47:02,IMG_1143.MOV,paleturquoise-lightcyan,Unknown,40.28pxx2
2025-04-28 22:47:02,IMG_1143.MOV,lightsalmon-burlywood,Unknown,44.03pxx2
2025-04-28 22:47:03,IMG_1143.MOV,paleturquoise-powderblue,phanta,44.50pxx2
2025-04-28 22:47:03,IMG_1143.MOV,paleturquoise-lightcyan,Unknown,44.97pxx2
2025-04-28 22:47:49,IMG_1143.MOV,paleturquoise-powderblue,phanta,45.43pxx2
2025-04-28 22:48:05,IMG_1143.MOV,paleturquoise-powderblue,phanta,45.89pxx2
2025-04-28 22:48:20,IMG_1143.MOV,steelblue-cadetblue,Unknown,46.27pxx2
2025-04-28 22:48:20,IMG_1143.MOV,linen,milk_lavanodaka,46.72pxx2
2025-04-28 22:50:05,IMG_1143.MOV,lightsteelblue-skyblue,Unknown,47.46pxx2
2025-04-28 22:50:05,IMG_1143.MOV,paleturquoise-lightcyan,phanta,47.92pxx2
2025-04-28 22:50:05,IMG_1143.MOV,violet-plum,Unknown,48.05pxx2
2025-04-28 22:50:07,IMG_1143.MOV,paleturquoise-powderblue,phanta,48.50pxx2
2025-04-28 22:50:07,IMG_1143.MOV,orchid-plum,Unknown,48.63pxx2
2025-04-28 22:50:07,IMG_1143.MOV,thistle-pink,Unknown,49.40pxx2
2025-04-28 22:50:21,IMG_1143.MOV,paleturquoise-powderblue,phanta,49.85pxx2
2025-04-28 22:50:21,IMG_1143.MOV,lightsteelblue,phanta,50.59pxx2
2025-04-28 22:50:23,IMG_1143.MOV,paleturquoise-powderblue,phanta,51.05pxx2
2025-04-28 22:50:23,IMG_1143.MOV,paleturquoise-lightcyan,water,51.50pxx2
2025-04-28 22:50:29,IMG_1143.MOV,paleturquoise-powderblue,phanta,51.96pxx2
2025-04-28 22:50:34,IMG_1143.MOV,paleturquoise-powderblue,phanta,52.45pxx2
2025-04-28 22:50:48,IMG_1143.MOV,gainsboro-paleturquoise,phanta,52.91pxx2
2025-04-28 23:22:38,IMG_1155.MOV,gainsboro-powderblue,phanta,53.92pxx2
2025-04-28 23:22:39,IMG_1155.MOV,gainsboro-powderblue,phanta,54.93pxx2
2025-04-28 23:28:25,IMG_1155.MOV,paleturquoise-powderblue,phanta,55.28pxx2
2025-04-28 23:28:25,IMG_1155.MOV,lavenderblush,milk_lavanodaka,55.72pxx2
2025-04-28 23:28:25,IMG_1155.MOV,linen,Unknown,56.67pxx2
2025-04-28 23:28:27,IMG_1155.MOV,paleturquoise-powderblue,phanta,57.02pxx2
2025-04-28 23:28:27,IMG_1155.MOV,lavenderblush,milk_lavanodaka,57.47pxx2
2025-04-28 23:28:27,IMG_1155.MOV,linen,Unknown,58.44pxx2
2025-04-28 23:28:27,IMG_1155.MOV,paleturquoise-powderblue,phanta,58.79pxx2
2025-04-28 23:28:27,IMG_1155.MOV,lavenderblush,milk_lavanodaka,59.24pxx2
2025-04-28 23:28:27,IMG_1155.MOV,linen,Unknown,60.20pxx2
2025-04-28 23:28:28,IMG_1155.MOV,paleturquoise-powderblue,phanta,60.55pxx2
2025-04-28 23:28:28,IMG_1155.MOV,lavenderblush,milk_lavanodaka,61.00pxx2
2025-04-28 23:28:28,IMG_1155.MOV,linen,Unknown,61.98pxx2
2025-04-28 23:28:28,IMG_1155.MOV,paleturquoise-powderblue,phanta,62.43pxx2
2025-04-28 23:28:28,IMG_1155.MOV,linen,Unknown,62.78pxx2
2025-04-28 23:28:28,IMG_1155.MOV,linen,Unknown,63.76pxx2
2025-04-28 23:28:30,IMG_1155.MOV,paleturquoise-powderblue,phanta,64.11pxx2
2025-04-28 23:28:30,IMG_1155.MOV,lavenderblush,milk_lavanodaka,64.56pxx2
2025-04-28 23:28:31,IMG_1155.MOV,paleturquoise-powderblue,phanta,64.91pxx2
2025-04-28 23:28:31,IMG_1155.MOV,lavenderblush,milk_lavanodaka,65.36pxx2
2025-04-28 23:28:31,IMG_1155.MOV,paleturquoise-powderblue,phanta,65.70pxx2
2025-04-28 23:28:31,IMG_1155.MOV,lavenderblush,milk_lavanodaka,66.15pxx2
2025-04-28 23:28:33,IMG_1155.MOV,paleturquoise-powderblue,phanta,66.50pxx2
2025-04-28 23:28:33,IMG_1155.MOV,lavenderblush,milk_lavanodaka,66.95pxx2
2025-04-28 23:28:33,IMG_1155.MOV,mistyrose,Unknown,68.01pxx2
2025-04-28 23:28:34,IMG_1155.MOV,paleturquoise-powderblue,phanta,68.46pxx2
2025-04-28 23:28:34,IMG_1155.MOV,linen,Unknown,68.81pxx2
2025-04-28 23:28:34,IMG_1155.MOV,mistyrose,Unknown,69.85pxx2
2025-04-28 23:28:35,IMG_1155.MOV,paleturquoise-powderblue,phanta,70.20pxx2
2025-04-28 23:28:35,IMG_1155.MOV,lavenderblush-whitesmoke,milk_lavanodaka,70.65pxx2
2025-04-28 23:28:36,IMG_1155.MOV,paleturquoise-powderblue,phanta,71.00pxx2
2025-04-28 23:28:36,IMG_1155.MOV,lavenderblush-whitesmoke,milk_lavanodaka,71.45pxx2
2025-04-28 23:28:37,IMG_1155.MOV,paleturquoise-powderblue,phanta,71.79pxx2
2025-04-28 23:28:37,IMG_1155.MOV,lavenderblush-whitesmoke,milk_lavanodaka,72.24pxx2
2025-04-28 23:28:37,IMG_1155.MOV,paleturquoise-powderblue,phanta,72.58pxx2
2025-04-28 23:28:37,IMG_1155.MOV,lavenderblush-whitesmoke,milk_lavanodaka,73.03pxx2
2025-04-28 23:28:38,IMG_1155.MOV,paleturquoise-powderblue,phanta,73.38pxx2
2025-04-28 23:28:38,IMG_1155.MOV,lavenderblush-whitesmoke,milk_lavanodaka,73.82pxx2
2025-04-28 23:28:38,IMG_1155.MOV,paleturquoise-powderblue,phanta,74.17pxx2
2025-04-28 23:28:38,IMG_1155.MOV,lavenderblush-whitesmoke,milk_lavanodaka,74.61pxx2
2025-04-28 23:28:39,IMG_1155.MOV,paleturquoise-powderblue,phanta,74.96pxx2
2025-04-28 23:28:39,IMG_1155.MOV,lavenderblush-whitesmoke,milk_lavanodaka,75.40pxx2
2025-04-28 23:28:46,IMG_1155.MOV,paleturquoise-powderblue,phanta,75.75pxx2
2025-04-28 23:28:46,IMG_1155.MOV,lavenderblush-whitesmoke,milk_lavanodaka,76.19pxx2
2025-04-28 23:28:47,IMG_1155.MOV,paleturquoise-powderblue,phanta,76.54pxx2
2025-04-28 23:28:47,IMG_1155.MOV,lavenderblush-whitesmoke,milk_lavanodaka,76.99pxx2
2025-04-28 23:28:48,IMG_1155.MOV,paleturquoise-powderblue,phanta,77.34pxx2
2025-04-28 23:28:48,IMG_1155.MOV,lavenderblush-whitesmoke,milk_lavanodaka,77.79pxx2
2025-04-28 23:28:50,IMG_1155.MOV,paleturquoise-powderblue,phanta,78.14pxx2
2025-04-28 23:28:50,IMG_1155.MOV,lavenderblush-whitesmoke,milk_lavanodaka,78.59pxx2
2025-04-28 23:28:50,IMG_1155.MOV,paleturquoise-powderblue,phanta,78.94pxx2
2025-04-28 23:28:50,IMG_1155.MOV,lavenderblush-whitesmoke,milk_lavanodaka,79.39pxx2
2025-04-28 23:28:51,IMG_1155.MOV,paleturquoise-powderblue,phanta,79.74pxx2
2025-04-28 23:28:51,IMG_1155.MOV,lavenderblush-whitesmoke,milk_lavanodaka,80.19pxx2
2025-04-28 23:30:36,IMG_1155.MOV,paleturquoise-powderblue,phanta,80.54pxx2
2025-04-28 23:30:36,IMG_1155.MOV,lavenderblush-linen,Unknown,80.97pxx2
2025-04-28 23:30:37,IMG_1155.MOV,paleturquoise-powderblue,phanta,81.32pxx2
2025-04-28 23:30:37,IMG_1155.MOV,lavenderblush-linen,Unknown,81.75pxx2
2025-04-28 23:32:27,IMG_1155.MOV,paleturquoise-powderblue,phanta,82.10pxx2
2025-04-28 23:32:27,IMG_1155.MOV,lavenderblush-linen,milk_lavanodaka,82.54pxx2
2025-04-28 23:32:28,IMG_1155.MOV,paleturquoise-powderblue,phanta,82.90pxx2
2025-04-28 23:32:28,IMG_1155.MOV,linen-lavenderblush,milk_lavanodaka,83.34pxx2
2025-04-28 23:32:29,IMG_1155.MOV,paleturquoise-powderblue,phanta,83.69pxx2
2025-04-28 23:32:29,IMG_1155.MOV,lavenderblush-linen,milk_lavanodaka,84.13pxx2
2025-04-28 23:32:29,IMG_1155.MOV,paleturquoise-powderblue,phanta,84.49pxx2
2025-04-28 23:32:29,IMG_1155.MOV,lavenderblush-linen,milk_lavanodaka,84.93pxx2
2025-04-28 23:32:30,IMG_1155.MOV,paleturquoise-powderblue,phanta,85.28pxx2
2025-04-28 23:32:30,IMG_1155.MOV,lavenderblush-linen,milk_lavanodaka,85.72pxx2
2025-04-28 23:32:37,IMG_1155.MOV,paleturquoise-powderblue,phanta,86.08pxx2
2025-04-28 23:32:37,IMG_1155.MOV,lavenderblush-linen,milk_lavanodaka,86.51pxx2
2025-04-28 23:32:37,IMG_1155.MOV,paleturquoise-powderblue,phanta,86.87pxx2
2025-04-28 23:32:37,IMG_1155.MOV,lavenderblush-linen,milk_lavanodaka,87.30pxx2
2025-04-28 23:32:37,IMG_1155.MOV,linen-lavenderblush,milk_lavanodaka,88.18pxx2
2025-04-28 23:32:49,IMG_1155.MOV,paleturquoise-powderblue,phanta,88.54pxx2
2025-04-28 23:32:49,IMG_1155.MOV,lavenderblush-linen,milk_lavanodaka,88.98pxx2
2025-04-28 23:33:36,IMG_1155.MOV,powderblue-paleturquoise,Unknown,89.16pxx2
2025-04-28 23:33:36,IMG_1155.MOV,lavender-gainsboro,lavanodaka_water,89.53pxx2
2025-04-28 23:33:37,IMG_1155.MOV,powderblue-paleturquoise,Unknown,89.71pxx2
2025-04-28 23:33:37,IMG_1155.MOV,lavender-gainsboro,lavanodaka_water,90.08pxx2
2025-04-28 23:33:38,IMG_1155.MOV,powderblue-paleturquoise,Unknown,90.26pxx2
2025-04-28 23:33:38,IMG_1155.MOV,lavender-gainsboro,lavanodaka_water,90.64pxx2
2025-04-28 23:33:38,IMG_1155.MOV,burlywood-tan,milk_pitta,95.26pxx2
2025-04-28 23:33:38,IMG_1155.MOV,powderblue-paleturquoise,Unknown,95.44pxx2
2025-04-28 23:33:38,IMG_1155.MOV,lavender-gainsboro,lavanodaka_water,95.81pxx2
2025-04-28 23:33:40,IMG_1155.MOV,powderblue-paleturquoise,Unknown,95.99pxx2
2025-04-28 23:33:40,IMG_1155.MOV,lavender-gainsboro,Unknown,96.36pxx2
2025-04-28 23:33:40,IMG_1155.MOV,powderblue-paleturquoise,Unknown,96.54pxx2
2025-04-28 23:33:40,IMG_1155.MOV,lavender-gainsboro,Unknown,96.91pxx2
2025-04-28 23:33:41,IMG_1155.MOV,powderblue-paleturquoise,Unknown,97.09pxx2
2025-04-28 23:33:41,IMG_1155.MOV,lavender-gainsboro,Unknown,97.46pxx2
2025-04-28 23:33:41,IMG_1155.MOV,powderblue-paleturquoise,Unknown,97.64pxx2
2025-04-28 23:33:41,IMG_1155.MOV,lavender-gainsboro,Unknown,98.01pxx2
2025-04-28 23:33:51,IMG_1155.MOV,powderblue-lightblue,Unknown,98.40pxx2
2025-04-28 23:33:51,IMG_1155.MOV,darkkhaki-darkseagreen,Unknown,103.22pxx2
2025-04-28 23:33:52,IMG_1155.MOV,powderblue-lightblue,Unknown,103.61pxx2
2025-04-28 23:33:52,IMG_1155.MOV,darkkhaki-darkseagreen,Unknown,108.40pxx2
2025-04-28 23:33:52,IMG_1155.MOV,lavender,milk_lavanodaka,108.58pxx2
2025-04-28 23:33:53,IMG_1155.MOV,powderblue-lightblue,Unknown,108.97pxx2
2025-04-28 23:33:53,IMG_1155.MOV,beige-antiquewhite,Unknown,109.15pxx2
2025-04-28 23:33:53,IMG_1155.MOV,powderblue-lightblue,Unknown,109.54pxx2
2025-04-28 23:33:54,IMG_1155.MOV,powderblue-paleturquoise,Unknown,109.93pxx2
2025-04-28 23:33:54,IMG_1155.MOV,beige-antiquewhite,Unknown,110.11pxx2
2025-04-28 23:33:55,IMG_1155.MOV,powderblue-paleturquoise,Unknown,110.50pxx2
2025-04-28 23:33:55,IMG_1155.MOV,beige-antiquewhite,Unknown,110.68pxx2
2025-04-28 23:33:57,IMG_1155.MOV,powderblue-paleturquoise,Unknown,111.07pxx2
2025-04-28 23:33:57,IMG_1155.MOV,darkkhaki-darkseagreen,Unknown,115.82pxx2
2025-04-28 23:33:58,IMG_1155.MOV,powderblue-paleturquoise,Unknown,116.21pxx2
2025-04-28 23:33:58,IMG_1155.MOV,darkkhaki-darkseagreen,Unknown,120.88pxx2
2025-04-28 23:33:59,IMG_1155.MOV,powderblue-paleturquoise,Unknown,121.26pxx2
2025-04-28 23:33:59,IMG_1155.MOV,darkkhaki-darkseagreen,Unknown,126.07pxx2
2025-04-28 23:34:00,IMG_1155.MOV,powderblue-paleturquoise,Unknown,126.45pxx2
2025-04-28 23:34:00,IMG_1155.MOV,darkkhaki-darkseagreen,Unknown,131.19pxx2
2025-04-28 23:34:00,IMG_1155.MOV,lavender,milk_lavanodaka,131.37pxx2
2025-04-28 23:34:01,IMG_1155.MOV,darkseagreen-mediumaquamarine,Unknown,135.92pxx2
2025-04-28 23:34:01,IMG_1155.MOV,paleturquoise-powderblue,Unknown,136.31pxx2
2025-04-28 23:34:02,IMG_1155.MOV,lightblue,Unknown,137.00pxx2
2025-04-28 23:34:02,IMG_1155.MOV,darkseagreen-mediumaquamarine,Unknown,141.72pxx2
2025-04-28 23:34:02,IMG_1155.MOV,paleturquoise-powderblue,Unknown,141.89pxx2
2025-04-28 23:34:02,IMG_1155.MOV,lavender,Unknown,142.29pxx2
2025-04-28 23:34:03,IMG_1155.MOV,powderblue-paleturquoise,Unknown,142.47pxx2
2025-04-28 23:34:03,IMG_1155.MOV,darkkhaki-darkseagreen,Unknown,147.18pxx2
2025-04-28 23:34:07,IMG_1155.MOV,lightblue-powderblue,Unknown,147.71pxx2
2025-04-28 23:34:07,IMG_1155.MOV,beige-antiquewhite,Unknown,147.89pxx2
2025-04-28 23:34:15,IMG_1155.MOV,lightblue-powderblue,Unknown,148.39pxx2
2025-04-28 23:34:15,IMG_1155.MOV,beige-antiquewhite,Unknown,148.57pxx2
2025-04-28 23:34:15,IMG_1155.MOV,lightblue-powderblue,Unknown,149.08pxx2
2025-04-28 23:34:15,IMG_1155.MOV,beige-antiquewhite,Unknown,149.25pxx2
2025-04-28 23:34:16,IMG_1155.MOV,lightblue-powderblue,Unknown,149.79pxx2
2025-04-28 23:34:16,IMG_1155.MOV,beige-antiquewhite,Unknown,149.96pxx2
2025-04-28 23:34:17,IMG_1155.MOV,lightblue-powderblue,Unknown,150.47pxx2
2025-04-28 23:34:17,IMG_1155.MOV,beige-antiquewhite,Unknown,150.65pxx2
2025-04-28 23:35:30,IMG_1155.MOV,powderblue-paleturquoise,phanta,150.83pxx2
2025-04-28 23:35:30,IMG_1155.MOV,lavenderblush-whitesmoke,milk_lavanodaka,151.20pxx2
2025-04-28 23:35:56,IMG_1155.MOV,paleturquoise-powderblue,phanta,151.58pxx2
2025-04-28 23:35:56,IMG_1155.MOV,beige-linen,Unknown,151.75pxx2
2025-04-28 23:36:22,IMG_1155.MOV,powderblue-paleturquoise,phanta,151.93pxx2
2025-04-28 23:36:22,IMG_1155.MOV,lavenderblush-whitesmoke,milk_lavanodaka,152.31pxx2
2025-04-28 23:36:22,IMG_1155.MOV,powderblue-paleturquoise,phanta,152.48pxx2
2025-04-28 23:36:22,IMG_1155.MOV,lavenderblush-whitesmoke,milk_lavanodaka,152.86pxx2
2025-04-28 23:36:43,IMG_1155.MOV,powderblue,Unknown,153.31pxx2
2025-04-28 23:36:43,IMG_1155.MOV,antiquewhite-beige,Unknown,153.49pxx2
2025-04-28 23:36:43,IMG_1155.MOV,lavenderblush-whitesmoke,milk_lavanodaka,153.87pxx2
2025-04-28 23:37:45,IMG_1155.MOV,paleturquoise-powderblue,phanta,154.25pxx2
2025-04-28 23:37:45,IMG_1155.MOV,beige-antiquewhite,Unknown,154.43pxx2
2025-04-28 23:37:45,IMG_1155.MOV,khaki-burlywood,Unknown,159.22pxx2
2025-04-28 23:38:31,IMG_1155.MOV,skyblue-lightblue,Unknown,159.67pxx2
2025-04-28 23:38:31,IMG_1155.MOV,skyblue-lightblue,Unknown,160.07pxx2
2025-04-28 23:41:21,IMG_1155.MOV,powderblue-paleturquoise,Unknown,160.14pxx2
2025-04-28 23:41:21,IMG_1155.MOV,gray-dimgray,Unknown,160.42pxx2
2025-04-28 23:41:22,IMG_1155.MOV,dimgray-darkslateblue,Unknown,160.69pxx2
2025-04-28 23:41:22,IMG_1155.MOV,beige-lightgoldenrodyellow,Unknown,160.76pxx2
2025-04-28 23:41:23,IMG_1155.MOV,dimgray-darkslateblue,Unknown,161.03pxx2
2025-04-28 23:41:23,IMG_1155.MOV,lightgoldenrodyellow-beige,Unknown,161.10pxx2
2025-04-28 23:41:23,IMG_1155.MOV,dimgray-darkslateblue,Unknown,161.36pxx2
2025-04-28 23:41:23,IMG_1155.MOV,lightgoldenrodyellow-beige,Unknown,161.43pxx2
2025-04-28 23:41:24,IMG_1155.MOV,powderblue-paleturquoise,Unknown,161.50pxx2
2025-04-28 23:41:24,IMG_1155.MOV,gray-dimgray,Unknown,161.79pxx2
2025-04-28 23:41:24,IMG_1155.MOV,powderblue-paleturquoise,Unknown,161.86pxx2
2025-04-28 23:41:24,IMG_1155.MOV,gray-dimgray,Unknown,162.13pxx2
2025-04-28 23:41:25,IMG_1155.MOV,powderblue-paleturquoise,Unknown,162.20pxx2
2025-04-28 23:41:25,IMG_1155.MOV,gray-dimgray,Unknown,162.53pxx2
2025-04-28 23:41:25,IMG_1155.MOV,powderblue-paleturquoise,Unknown,162.60pxx2
2025-04-28 23:41:25,IMG_1155.MOV,gray-dimgray,Unknown,162.89pxx2
2025-04-28 23:41:26,IMG_1155.MOV,powderblue-paleturquoise,Unknown,162.96pxx2
2025-04-28 23:41:26,IMG_1155.MOV,gray-dimgray,Unknown,163.24pxx2
2025-04-28 23:41:27,IMG_1155.MOV,powderblue-paleturquoise,Unknown,163.32pxx2
2025-04-28 23:41:27,IMG_1155.MOV,gray-dimgray,Unknown,163.58pxx2
2025-04-28 23:41:27,IMG_1155.MOV,dimgray-darkslateblue,Unknown,163.85pxx2
2025-04-28 23:41:27,IMG_1155.MOV,beige-lightgoldenrodyellow,Unknown,163.92pxx2
2025-04-28 23:41:28,IMG_1155.MOV,powderblue-paleturquoise,Unknown,163.99pxx2
2025-04-28 23:41:28,IMG_1155.MOV,gray-dimgray,Unknown,164.26pxx2
2025-04-28 23:41:28,IMG_1155.MOV,powderblue-paleturquoise,Unknown,164.33pxx2
2025-04-28 23:41:28,IMG_1155.MOV,gray-dimgray,Unknown,164.60pxx2
2025-04-28 23:41:29,IMG_1155.MOV,powderblue-paleturquoise,Unknown,164.67pxx2
2025-04-28 23:41:29,IMG_1155.MOV,gray-dimgray,Unknown,164.95pxx2
2025-04-28 23:41:30,IMG_1155.MOV,dimgray-darkslateblue,Unknown,165.25pxx2
2025-04-28 23:41:30,IMG_1155.MOV,powderblue-paleturquoise,Unknown,165.32pxx2
2025-04-28 23:41:30,IMG_1155.MOV,gray-dimgray,Unknown,165.60pxx2
2025-04-28 23:41:31,IMG_1155.MOV,powderblue-paleturquoise,Unknown,165.67pxx2
2025-04-28 23:41:31,IMG_1155.MOV,gray-dimgray,Unknown,165.94pxx2
2025-04-28 23:41:31,IMG_1155.MOV,powderblue-paleturquoise,Unknown,166.02pxx2
2025-04-28 23:41:32,IMG_1155.MOV,powderblue-paleturquoise,Unknown,166.09pxx2
2025-04-28 23:41:32,IMG_1155.MOV,gray-dimgray,Unknown,166.36pxx2
2025-04-28 23:41:33,IMG_1155.MOV,powderblue-paleturquoise,Unknown,166.43pxx2
2025-04-28 23:41:33,IMG_1155.MOV,gray-dimgray,Unknown,166.70pxx2
2025-04-28 23:41:33,IMG_1155.MOV,powderblue-paleturquoise,Unknown,166.77pxx2
2025-04-28 23:41:33,IMG_1155.MOV,gray-dimgray,Unknown,167.06pxx2
2025-04-28 23:41:34,IMG_1155.MOV,powderblue-paleturquoise,Unknown,167.14pxx2
2025-04-28 23:41:34,IMG_1155.MOV,gray-dimgray,Unknown,167.41pxx2
2025-04-28 23:41:34,IMG_1155.MOV,dimgray-darkslateblue,Unknown,167.69pxx2
2025-04-28 23:41:34,IMG_1155.MOV,lightgoldenrodyellow-beige,Unknown,167.76pxx2
2025-04-28 23:41:35,IMG_1155.MOV,powderblue-paleturquoise,Unknown,167.83pxx2
2025-04-28 23:41:35,IMG_1155.MOV,gray-dimgray,Unknown,168.10pxx2
2025-04-28 23:41:45,IMG_1155.MOV,dimgray-slategray,Unknown,168.43pxx2
2025-04-28 23:41:45,IMG_1155.MOV,beige-lightgoldenrodyellow,Unknown,168.50pxx2
2025-04-28 23:41:46,IMG_1155.MOV,powderblue-paleturquoise,Unknown,168.57pxx2
2025-04-28 23:41:46,IMG_1155.MOV,gray-dimgray,Unknown,168.85pxx2
2025-04-28 23:46:04,IMG_1155.MOV,paleturquoise-powderblue,Unknown,169.05pxx2
2025-04-28 23:46:05,IMG_1155.MOV,paleturquoise-powderblue,Unknown,169.24pxx2
2025-04-28 23:46:05,IMG_1155.MOV,paleturquoise-powderblue,Unknown,169.43pxx2
2025-04-28 23:46:06,IMG_1155.MOV,paleturquoise-powderblue,Unknown,169.63pxx2
2025-04-28 23:46:06,IMG_1155.MOV,paleturquoise-powderblue,Unknown,169.82pxx2
2025-04-28 23:46:07,IMG_1155.MOV,paleturquoise-powderblue,Unknown,170.01pxx2
2025-04-28 23:46:07,IMG_1155.MOV,paleturquoise-powderblue,Unknown,170.20pxx2
2025-04-28 23:46:08,IMG_1155.MOV,paleturquoise-powderblue,Unknown,170.38pxx2
2025-04-28 23:46:09,IMG_1155.MOV,paleturquoise-powderblue,Unknown,170.57pxx2
2025-04-28 23:46:09,IMG_1155.MOV,paleturquoise-powderblue,Unknown,170.76pxx2
2025-04-28 23:46:10,IMG_1155.MOV,paleturquoise-powderblue,Unknown,170.95pxx2
2025-04-28 23:46:10,IMG_1155.MOV,paleturquoise-powderblue,Unknown,171.15pxx2
2025-04-28 23:46:10,IMG_1155.MOV,darkkhaki-darkseagreen,Unknown,175.95pxx2
2025-04-28 23:46:11,IMG_1155.MOV,paleturquoise-powderblue,Unknown,176.14pxx2
2025-04-28 23:46:11,IMG_1155.MOV,paleturquoise-powderblue,Unknown,176.33pxx2
2025-04-28 23:46:12,IMG_1155.MOV,paleturquoise-powderblue,Unknown,176.52pxx2
2025-04-28 23:46:27,IMG_1155.MOV,paleturquoise-powderblue,Unknown,176.71pxx2
2025-04-28 23:46:28,IMG_1155.MOV,paleturquoise-powderblue,Unknown,176.90pxx2
2025-04-28 23:46:28,IMG_1155.MOV,paleturquoise-powderblue,Unknown,177.09pxx2
2025-04-28 23:46:32,IMG_1155.MOV,powderblue-paleturquoise,Unknown,177.28pxx2
2025-04-28 23:46:33,IMG_1155.MOV,powderblue-paleturquoise,Unknown,177.47pxx2
2025-04-28 23:46:33,IMG_1155.MOV,powderblue-paleturquoise,Unknown,177.66pxx2
2025-04-28 23:46:34,IMG_1155.MOV,powderblue-paleturquoise,Unknown,177.85pxx2
2025-04-28 23:46:35,IMG_1155.MOV,powderblue-paleturquoise,Unknown,178.04pxx2
2025-04-28 23:46:35,IMG_1155.MOV,powderblue-paleturquoise,Unknown,178.24pxx2
2025-04-28 23:46:36,IMG_1155.MOV,powderblue-paleturquoise,Unknown,178.43pxx2
2025-04-28 23:46:36,IMG_1155.MOV,powderblue-paleturquoise,Unknown,178.63pxx2
2025-04-29 00:00:44,IMG_1155.MOV,mediumseagreen-darkseagreen,Unknown,183.49pxx2
2025-04-29 00:11:29,IMG_1155.MOV,powderblue-lightblue,Unknown,183.66pxx2
2025-04-29 00:11:29,IMG_1155.MOV,darkkhaki-darkseagreen,Unknown,188.55pxx2
2025-04-29 00:11:30,IMG_1155.MOV,powderblue-paleturquoise,Unknown,188.71pxx2
2025-04-29 00:11:30,IMG_1155.MOV,darkkhaki-darkseagreen,Unknown,193.63pxx2
2025-04-29 00:11:32,IMG_1155.MOV,mediumseagreen-darkseagreen,Unknown,198.57pxx2
2025-04-29 00:11:32,IMG_1155.MOV,paleturquoise-powderblue,Unknown,198.73pxx2
2025-04-29 00:11:35,IMG_1155.MOV,mediumseagreen-darkseagreen,Unknown,203.63pxx2
2025-04-29 00:11:35,IMG_1155.MOV,paleturquoise-powderblue,Unknown,203.79pxx2
2025-04-29 00:11:41,IMG_1155.MOV,paleturquoise-powderblue,Unknown,203.96pxx2
2025-04-29 00:11:41,IMG_1155.MOV,paleturquoise,Unknown,204.12pxx2
2025-04-29 00:11:44,IMG_1155.MOV,paleturquoise-powderblue,Unknown,204.28pxx2
2025-04-29 00:15:05,IMG_1155.MOV,mediumaquamarine-darkseagreen,Unknown,209.34pxx2
2025-04-29 00:15:18,IMG_1155.MOV,mediumaquamarine-lightgreen,Unknown,214.38pxx2
2025-04-29 00:15:21,IMG_1155.MOV,mediumaquamarine-lightgreen,Unknown,219.40pxx2
2025-04-29 00:15:25,IMG_1155.MOV,mediumaquamarine-lightgreen,Unknown,224.48pxx2
2025-04-29 00:15:49,IMG_1155.MOV,mediumaquamarine-darkseagreen,Unknown,229.56pxx2
2025-04-29 00:15:50,IMG_1155.MOV,mediumaquamarine-darkseagreen,Unknown,234.70pxx2
2025-04-29 00:16:08,IMG_1155.MOV,mediumaquamarine-darkseagreen,Unknown,239.78pxx2
2025-04-29 00:16:41,IMG_1155.MOV,lightgreen-darkseagreen,Unknown,244.80pxx2
2025-04-29 00:27:47,IMG_1155.MOV,mediumaquamarine-cadetblue,Unknown,248.96pxx2
2025-04-29 00:27:48,IMG_1155.MOV,mediumaquamarine-cadetblue,Unknown,252.26pxx2
2025-04-29 00:53:15,IMG_1155.MOV,mediumseagreen-darkseagreen,Unknown,257.13pxx2
2025-04-29 01:49:58,IMG_1155.MOV,mediumseagreen-mediumaquamarine,Unknown,262.21pxx2
2025-04-29 01:49:58,IMG_1155.MOV,mediumseagreen-mediumaquamarine,Unknown,267.20pxx2
2025-04-29 01:50:01,IMG_1155.MOV,mediumseagreen-mediumaquamarine,Unknown,272.13pxx2
2025-04-29 01:50:02,IMG_1155.MOV,mediumseagreen-mediumaquamarine,Unknown,277.05pxx2
2025-04-29 01:50:02,IMG_1155.MOV,mediumseagreen-mediumaquamarine,Unknown,281.97pxx2
2025-04-29 02:15:30,IMG_1155.MOV,darkslategray-midnightblue,Unknown,283.56pxx2
2025-04-29 02:15:44,IMG_1155.MOV,darkslateblue-darkslategray,Unknown,285.28pxx2
2025-04-29 02:15:45,IMG_1155.MOV,darkslateblue-darkslategray,Unknown,287.08pxx2
2025-04-29 02:15:46,IMG_1155.MOV,darkslateblue-darkslategray,Unknown,288.89pxx2
2025-04-29 02:15:49,IMG_1155.MOV,darkslateblue-darkslategray,Unknown,290.80pxx2
2025-04-29 02:15:52,IMG_1155.MOV,darkslateblue-darkslategray,Unknown,292.82pxx2
2025-04-29 02:15:52,IMG_1155.MOV,darkslateblue-darkslategray,Unknown,294.89pxx2
2025-04-29 02:15:55,IMG_1155.MOV,darkslateblue-darkslategray,Unknown,297.04pxx2
2025-04-29 02:16:32,IMG_1155.MOV,darkslateblue-darkslategray,Unknown,299.37pxx2
2025-04-29 02:17:12,IMG_1155.MOV,darkslategray-midnightblue,Unknown,300.98pxx2
2025-04-29 02:49:02,IMG_1155.MOV,dimgray-darkslateblue,Unknown,301.41pxx2
2025-04-29 02:49:03,IMG_1155.MOV,dimgray-darkslateblue,Unknown,301.82pxx2
2025-04-29 02:49:04,IMG_1155.MOV,mediumseagreen-darkseagreen,Unknown,307.38pxx2
2025-04-29 02:54:10,IMG_1155.MOV,gray-dimgray,Unknown,310.37pxx2
2025-04-29 03:27:12,IMG_1155.MOV,olivedrab-dimgray,Unknown,311.26pxx2
2025-04-29 03:48:37,IMG_1155.MOV,cornflowerblue-mediumpurple,Unknown,311.60pxx2
2025-04-29 04:53:38,IMG_1155.MOV,olivedrab-gray,Unknown,311.75pxx2
2025-04-29 05:22:34,IMG_1155.MOV,pink-peachpuff,milk_saliva,311.84pxx2
2025-04-29 05:22:35,IMG_1155.MOV,pink-lightgray,milk_saliva,311.93pxx2
2025-04-29 05:22:35,IMG_1155.MOV,pink-lightgray,milk_saliva,312.02pxx2
2025-04-29 05:22:36,IMG_1155.MOV,pink-lightgray,milk_saliva,312.11pxx2
2025-04-29 05:22:37,IMG_1155.MOV,pink-gainsboro,milk_saliva,312.19pxx2
2025-04-29 05:22:37,IMG_1155.MOV,pink-gainsboro,milk_saliva,312.28pxx2
2025-04-29 05:22:38,IMG_1155.MOV,pink-gainsboro,milk_saliva,312.36pxx2
2025-04-29 05:22:38,IMG_1155.MOV,pink-gainsboro,milk_saliva,312.45pxx2
2025-04-29 05:22:39,IMG_1155.MOV,pink-gainsboro,milk_saliva,312.53pxx2
2025-04-29 05:22:40,IMG_1155.MOV,pink-gainsboro,milk_saliva,312.61pxx2
2025-04-29 05:22:40,IMG_1155.MOV,pink-gainsboro,milk_saliva,312.69pxx2
2025-04-29 05:22:41,IMG_1155.MOV,gainsboro-pink,milk_saliva,312.77pxx2
2025-04-29 05:22:41,IMG_1155.MOV,gainsboro-pink,Unknown,312.84pxx2
2025-04-29 05:22:42,IMG_1155.MOV,gainsboro-pink,Unknown,312.92pxx2
2025-04-29 05:22:42,IMG_1155.MOV,gainsboro-pink,Unknown,312.99pxx2
2025-04-29 05:22:43,IMG_1155.MOV,gainsboro-pink,Unknown,313.06pxx2
2025-04-29 05:22:44,IMG_1155.MOV,gainsboro-pink,Unknown,313.13pxx2
2025-04-29 05:22:44,IMG_1155.MOV,gainsboro-mistyrose,Unknown,313.21pxx2
2025-04-29 05:22:45,IMG_1155.MOV,gainsboro-mistyrose,Unknown,313.28pxx2
2025-04-29 05:22:45,IMG_1155.MOV,gainsboro-mistyrose,Unknown,313.35pxx2
2025-04-29 05:34:20,IMG_1155.MOV,lightskyblue-skyblue,Unknown,313.54pxx2
2025-04-29 05:56:46,IMG_1155.MOV,cornflowerblue-mediumpurple,Unknown,313.87pxx2
2025-04-29 05:59:14,IMG_1155.MOV,lightskyblue-skyblue,Unknown,314.33pxx2
2025-04-29 06:02:23,IMG_1155.MOV,mediumseagreen-mediumaquamarine,Unknown,318.47pxx2
2025-04-29 06:03:32,IMG_1155.MOV,mediumseagreen-mediumaquamarine,Unknown,322.31pxx2
2025-04-29 06:08:48,IMG_1155.MOV,dimgray-darkslateblue,Unknown,323.06pxx2
2025-04-29 06:09:21,IMG_1155.MOV,mediumaquamarine-lightgreen,Unknown,327.68pxx2
2025-04-29 06:15:36,IMG_1155.MOV,dimgray-darkslateblue,Unknown,328.66pxx2
2025-04-29 06:15:36,IMG_1155.MOV,lightgreen-darkkhaki,Unknown,333.34pxx2
2025-04-29 06:15:37,IMG_1155.MOV,lightgreen-mediumaquamarine,Unknown,338.00pxx2
2025-04-29 06:15:39,IMG_1155.MOV,lightgreen-mediumaquamarine,Unknown,342.71pxx2
2025-04-29 06:16:52,IMG_1155.MOV,dimgray-darkslateblue,Unknown,343.59pxx2
2025-04-29 06:16:52,IMG_1155.MOV,lightgreen-palegreen,Unknown,348.32pxx2
2025-04-29 06:19:04,IMG_1155.MOV,darkslategray-midnightblue,Unknown,349.88pxx2
2025-04-29 06:19:04,IMG_1155.MOV,darkseagreen-lightgreen,Unknown,354.55pxx2
2025-04-29 06:52:21,IMG_1155.MOV,mediumseagreen-mediumaquamarine,Unknown,359.02pxx2
2025-04-29 06:52:22,IMG_1155.MOV,mediumseagreen-mediumaquamarine,Unknown,363.48pxx2
2025-04-29 06:52:22,IMG_1155.MOV,gray-slategray,Unknown,363.70pxx2
2025-04-29 06:52:23,IMG_1155.MOV,mediumseagreen-mediumaquamarine,Unknown,368.08pxx2
2025-04-29 06:52:46,IMG_1155.MOV,mediumaquamarine-mediumseagreen,Unknown,372.62pxx2
2025-04-29 06:52:52,IMG_1155.MOV,cornflowerblue-mediumslateblue,Unknown,372.80pxx2
2025-04-29 07:12:50,IMG_1155.MOV,lightgreen-mediumaquamarine,Unknown,377.40pxx2
2025-04-29 07:12:52,IMG_1155.MOV,lightgreen-mediumaquamarine,Unknown,381.87pxx2
2025-04-29 07:12:54,IMG_1155.MOV,lightgreen-mediumaquamarine,Unknown,386.52pxx2
2025-04-29 07:13:00,IMG_1155.MOV,lightgreen-mediumaquamarine,Unknown,391.11pxx2
2025-04-29 07:13:01,IMG_1155.MOV,lightgreen-mediumaquamarine,Unknown,395.73pxx2
2025-04-29 07:13:03,IMG_1155.MOV,lightgreen-mediumaquamarine,Unknown,400.18pxx2
2025-04-29 07:13:03,IMG_1155.MOV,lightgreen-mediumaquamarine,Unknown,404.61pxx2
2025-04-29 07:13:04,IMG_1155.MOV,lightgreen-mediumaquamarine,Unknown,409.06pxx2
2025-04-29 07:13:10,IMG_1155.MOV,lightgreen-mediumaquamarine,Unknown,413.51pxx2
2025-04-29 07:23:46,IMG_1155.MOV,lightgreen-mediumseagreen,Unknown,418.00pxx2
2025-04-29 07:28:46,IMG_1155.MOV,lightgreen-mediumseagreen,Unknown,422.46pxx2
2025-04-29 08:02:21,IMG_1155.MOV,lightsteelblue-skyblue,Unknown,422.77pxx2
2025-04-29 08:04:28,IMG_1155.MOV,mediumseagreen-darkseagreen,Unknown,427.02pxx2
2025-04-29 08:04:29,IMG_1155.MOV,mediumseagreen-darkseagreen,Unknown,431.20pxx2
2025-04-29 08:04:33,IMG_1155.MOV,mediumseagreen-darkseagreen,Unknown,435.21pxx2
2025-04-29 08:04:34,IMG_1155.MOV,mediumseagreen-darkseagreen,Unknown,439.25pxx2
2025-04-29 08:04:35,IMG_1155.MOV,mediumseagreen-darkseagreen,Unknown,443.21pxx2
2025-04-29 08:04:36,IMG_1155.MOV,mediumseagreen-darkseagreen,Unknown,447.25pxx2
2025-04-29 08:04:37,IMG_1155.MOV,mediumseagreen-darkseagreen,Unknown,451.29pxx2
2025-04-29 08:04:37,IMG_1155.MOV,mediumseagreen-darkseagreen,Unknown,455.21pxx2
2025-04-29 08:04:38,IMG_1155.MOV,mediumseagreen-darkseagreen,Unknown,459.18pxx2
2025-04-29 08:04:39,IMG_1155.MOV,mediumseagreen-darkseagreen,Unknown,463.23pxx2
2025-04-29 08:04:39,IMG_1155.MOV,mediumseagreen-darkseagreen,Unknown,467.39pxx2
2025-04-29 08:04:40,IMG_1155.MOV,mediumseagreen-darkseagreen,Unknown,471.46pxx2
2025-04-29 08:05:49,IMG_1155.MOV,lightgreen-mediumseagreen,Unknown,475.36pxx2
2025-04-29 08:05:50,IMG_1155.MOV,mediumseagreen-darkseagreen,Unknown,480.06pxx2
2025-04-29 08:05:51,IMG_1155.MOV,mediumseagreen-darkseagreen,Unknown,484.70pxx2
2025-04-29 08:05:52,IMG_1155.MOV,mediumseagreen-darkseagreen,Unknown,489.12pxx2
2025-04-29 08:05:52,IMG_1155.MOV,mediumaquamarine-mediumturquoise,Unknown,493.17pxx2
2025-04-29 08:05:52,IMG_1155.MOV,mediumseagreen-darkseagreen,Unknown,497.35pxx2
2025-04-29 08:05:53,IMG_1155.MOV,mediumseagreen-lightgreen,Unknown,501.28pxx2
2025-04-29 08:05:53,IMG_1155.MOV,mediumseagreen-darkseagreen,Unknown,505.21pxx2
2025-04-29 08:05:54,IMG_1155.MOV,mediumseagreen-darkseagreen,Unknown,509.28pxx2
2025-04-29 08:05:55,IMG_1155.MOV,mediumseagreen-darkseagreen,Unknown,513.29pxx2
2025-04-29 08:16:01,IMG_1155.MOV,lightgreen-mediumaquamarine,Unknown,517.87pxx2
2025-04-29 08:16:05,IMG_1155.MOV,lightgreen-mediumaquamarine,Unknown,522.53pxx2
2025-04-29 08:16:34,IMG_1155.MOV,lightgreen-mediumseagreen,Unknown,526.88pxx2
2025-04-29 08:17:29,IMG_1155.MOV,lightgreen-mediumaquamarine,Unknown,531.40pxx2
2025-04-29 08:17:58,IMG_1155.MOV,lightgreen-mediumaquamarine,Unknown,535.98pxx2
2025-04-29 08:18:04,IMG_1155.MOV,lightgreen-mediumaquamarine,Unknown,540.47pxx2
2025-04-29 08:18:05,IMG_1155.MOV,lightgreen-mediumseagreen,Unknown,544.92pxx2
2025-04-29 08:23:31,IMG_1155.MOV,lightgreen-mediumseagreen,Unknown,549.28pxx2
2025-04-29 08:25:25,IMG_1155.MOV,lightgreen-mediumaquamarine,Unknown,553.82pxx2
2025-04-29 08:30:14,IMG_1155.MOV,lightgreen-darkseagreen,Unknown,558.50pxx2
2025-04-29 08:30:35,IMG_1155.MOV,lightgreen-darkseagreen,Unknown,563.04pxx2
2025-04-29 08:30:41,IMG_1155.MOV,lightgreen-darkseagreen,Unknown,567.60pxx2
2025-04-29 08:30:54,IMG_1155.MOV,lightgreen-darkseagreen,Unknown,572.13pxx2
2025-04-29 08:31:09,IMG_1155.MOV,lightgreen-mediumaquamarine,Unknown,576.74pxx2
2025-04-29 08:31:10,IMG_1155.MOV,lightgreen-mediumaquamarine,Unknown,581.28pxx2
2025-04-29 08:31:18,IMG_1155.MOV,lightgreen-mediumaquamarine,Unknown,585.94pxx2
2025-04-29 08:31:19,IMG_1155.MOV,lightgreen-mediumaquamarine,Unknown,590.56pxx2
2025-04-29 08:31:20,IMG_1155.MOV,mediumaquamarine-lightgreen,Unknown,595.19pxx2
2025-04-29 08:35:11,IMG_1155.MOV,lightgreen-mediumaquamarine,Unknown,599.64pxx2
2025-04-29 08:39:26,IMG_1155.MOV,lightgreen-mediumseagreen,Unknown,604.15pxx2
2025-04-29 08:45:00,IMG_1155.MOV,mediumseagreen-lightgreen,Unknown,608.69pxx2
2025-04-29 08:48:30,IMG_1155.MOV,mediumseagreen-mediumaquamarine,Unknown,613.29pxx2
2025-04-29 08:48:31,IMG_1155.MOV,mediumseagreen-mediumaquamarine,Unknown,617.95pxx2
2025-04-29 08:48:32,IMG_1155.MOV,mediumseagreen-mediumaquamarine,Unknown,622.58pxx2
2025-04-29 08:48:32,IMG_1155.MOV,mediumseagreen-mediumaquamarine,Unknown,627.07pxx2
2025-04-29 08:48:33,IMG_1155.MOV,mediumseagreen-mediumaquamarine,Unknown,631.65pxx2
2025-04-29 08:48:33,IMG_1155.MOV,mediumseagreen-mediumaquamarine,Unknown,636.09pxx2
2025-04-29 08:48:34,IMG_1155.MOV,mediumseagreen-mediumaquamarine,Unknown,640.56pxx2
2025-04-29 08:48:35,IMG_1155.MOV,mediumseagreen-mediumaquamarine,Unknown,644.96pxx2
2025-04-29 08:48:35,IMG_1155.MOV,mediumseagreen-mediumaquamarine,Unknown,649.49pxx2
2025-04-29 08:48:36,IMG_1155.MOV,mediumseagreen-mediumaquamarine,Unknown,653.92pxx2
2025-04-29 08:48:37,IMG_1155.MOV,mediumseagreen-mediumaquamarine,Unknown,658.43pxx2
2025-04-29 08:48:37,IMG_1155.MOV,mediumseagreen-mediumaquamarine,Unknown,663.05pxx2
2025-04-29 08:48:38,IMG_1155.MOV,mediumseagreen-mediumaquamarine,Unknown,667.74pxx2
2025-04-29 08:48:39,IMG_1155.MOV,mediumseagreen-mediumaquamarine,Unknown,672.19pxx2
2025-04-29 08:48:39,IMG_1155.MOV,mediumseagreen-mediumaquamarine,Unknown,676.44pxx2
2025-04-29 08:48:40,IMG_1155.MOV,mediumseagreen-mediumaquamarine,Unknown,680.72pxx2
2025-04-29 08:48:41,IMG_1155.MOV,mediumseagreen-mediumaquamarine,Unknown,685.44pxx2
2025-04-29 08:48:44,IMG_1155.MOV,mediumseagreen-cadetblue,Unknown,690.20pxx2
2025-04-29 08:48:45,IMG_1155.MOV,mediumseagreen-cadetblue,Unknown,694.96pxx2
2025-04-29 08:48:45,IMG_1155.MOV,mediumseagreen-cadetblue,Unknown,699.80pxx2
2025-04-29 08:48:46,IMG_1155.MOV,mediumseagreen-cadetblue,Unknown,704.67pxx2
2025-04-29 08:48:46,IMG_1155.MOV,mediumseagreen-cadetblue,Unknown,709.11pxx2
2025-04-29 08:48:56,IMG_1155.MOV,mediumseagreen-mediumaquamarine,Unknown,713.48pxx2
2025-04-29 08:48:56,IMG_1155.MOV,mediumseagreen-mediumaquamarine,Unknown,717.83pxx2
2025-04-29 08:48:59,IMG_1155.MOV,mediumseagreen-mediumaquamarine,Unknown,722.29pxx2
2025-04-29 08:49:00,IMG_1155.MOV,mediumseagreen-mediumaquamarine,Unknown,726.73pxx2
2025-04-29 08:49:01,IMG_1155.MOV,mediumseagreen-mediumaquamarine,Unknown,731.19pxx2
2025-04-29 08:49:01,IMG_1155.MOV,mediumseagreen-mediumaquamarine,Unknown,735.70pxx2
2025-04-29 08:49:02,IMG_1155.MOV,mediumseagreen-mediumaquamarine,Unknown,740.20pxx2
2025-04-29 08:49:03,IMG_1155.MOV,mediumseagreen-mediumaquamarine,Unknown,744.64pxx2
2025-04-29 08:49:03,IMG_1155.MOV,mediumseagreen-mediumaquamarine,Unknown,749.02pxx2
2025-04-29 08:49:04,IMG_1155.MOV,mediumseagreen-mediumaquamarine,Unknown,753.53pxx2
2025-04-29 08:49:05,IMG_1155.MOV,mediumseagreen-mediumaquamarine,Unknown,757.90pxx2
2025-04-29 08:49:05,IMG_1155.MOV,mediumseagreen-mediumaquamarine,Unknown,762.35pxx2
2025-04-29 08:50:13,IMG_1155.MOV,mediumseagreen-mediumaquamarine,Unknown,766.58pxx2
2025-04-29 08:50:13,IMG_1155.MOV,mediumseagreen-mediumaquamarine,Unknown,770.66pxx2
2025-04-29 08:50:14,IMG_1155.MOV,mediumseagreen-mediumaquamarine,Unknown,774.73pxx2
2025-04-29 08:50:14,IMG_1155.MOV,mediumpurple-orchid,Unknown,775.31pxx2
2025-04-29 08:50:15,IMG_1155.MOV,mediumseagreen-mediumaquamarine,Unknown,779.38pxx2
2025-04-29 08:50:15,IMG_1155.MOV,mediumseagreen-mediumaquamarine,Unknown,783.55pxx2
2025-04-29 08:50:16,IMG_1155.MOV,mediumseagreen-mediumaquamarine,Unknown,787.73pxx2
2025-04-29 08:50:16,IMG_1155.MOV,mediumseagreen-mediumaquamarine,Unknown,791.73pxx2
2025-04-29 08:50:17,IMG_1155.MOV,mediumseagreen-mediumaquamarine,Unknown,795.77pxx2
2025-04-29 08:50:17,IMG_1155.MOV,mediumpurple-mediumorchid,Unknown,796.21pxx2
2025-04-29 08:50:18,IMG_1155.MOV,mediumseagreen-mediumaquamarine,Unknown,800.23pxx2
2025-04-29 08:50:18,IMG_1155.MOV,mediumseagreen-darkseagreen,Unknown,804.23pxx2
2025-04-29 08:50:19,IMG_1155.MOV,mediumseagreen-darkseagreen,Unknown,808.30pxx2
2025-04-29 08:50:19,IMG_1155.MOV,mediumorchid-mediumpurple,Unknown,808.69pxx2
2025-04-29 08:50:20,IMG_1155.MOV,mediumseagreen-darkseagreen,Unknown,812.75pxx2
2025-04-29 08:50:20,IMG_1155.MOV,mediumseagreen-darkseagreen,Unknown,817.36pxx2
2025-04-29 08:54:18,IMG_1155.MOV,mediumseagreen-mediumaquamarine,Unknown,821.73pxx2
2025-04-29 08:54:19,IMG_1155.MOV,mediumseagreen-mediumaquamarine,Unknown,826.10pxx2
2025-04-29 08:54:20,IMG_1155.MOV,mediumseagreen-mediumaquamarine,Unknown,830.58pxx2
2025-04-29 08:54:20,IMG_1155.MOV,mediumseagreen-mediumaquamarine,Unknown,834.97pxx2
2025-04-29 08:54:21,IMG_1155.MOV,mediumseagreen-mediumaquamarine,Unknown,839.31pxx2
2025-04-29 08:54:22,IMG_1155.MOV,mediumseagreen-mediumaquamarine,Unknown,843.61pxx2
2025-04-29 08:54:22,IMG_1155.MOV,mediumseagreen-mediumaquamarine,Unknown,847.96pxx2
2025-04-29 08:54:23,IMG_1155.MOV,mediumseagreen-mediumaquamarine,Unknown,852.32pxx2
2025-04-29 08:54:24,IMG_1155.MOV,mediumseagreen-mediumaquamarine,Unknown,856.70pxx2
2025-04-29 08:54:24,IMG_1155.MOV,mediumseagreen-mediumaquamarine,Unknown,861.07pxx2
2025-04-29 08:54:25,IMG_1155.MOV,mediumseagreen-mediumaquamarine,Unknown,865.48pxx2
2025-04-29 08:54:26,IMG_1155.MOV,mediumseagreen-mediumaquamarine,Unknown,869.91pxx2
2025-04-29 08:54:26,IMG_1155.MOV,mediumseagreen-mediumaquamarine,Unknown,874.32pxx2
2025-04-29 08:54:27,IMG_1155.MOV,mediumseagreen-mediumaquamarine,Unknown,878.70pxx2
2025-04-29 08:54:28,IMG_1155.MOV,mediumseagreen-mediumaquamarine,Unknown,883.19pxx2
2025-04-29 08:54:29,IMG_1155.MOV,mediumseagreen-mediumaquamarine,Unknown,887.65pxx2
2025-04-29 08:54:30,IMG_1155.MOV,mediumseagreen-mediumaquamarine,Unknown,891.89pxx2
2025-04-29 08:54:31,IMG_1155.MOV,mediumseagreen-mediumaquamarine,Unknown,896.23pxx2
2025-04-29 08:54:32,IMG_1155.MOV,mediumseagreen-mediumaquamarine,Unknown,900.67pxx2
2025-04-29 08:54:32,IMG_1155.MOV,mediumseagreen-mediumaquamarine,Unknown,905.07pxx2
2025-04-29 08:56:54,IMG_1155.MOV,mediumseagreen-limegreen,Unknown,909.39pxx2
2025-04-29 08:56:55,IMG_1155.MOV,mediumseagreen-limegreen,Unknown,913.62pxx2
2025-04-29 08:56:56,IMG_1155.MOV,mediumseagreen-limegreen,Unknown,917.91pxx2
2025-04-29 08:56:56,IMG_1155.MOV,mediumseagreen-limegreen,Unknown,922.27pxx2
2025-04-29 08:56:57,IMG_1155.MOV,mediumseagreen-limegreen,Unknown,926.61pxx2
2025-04-29 08:56:58,IMG_1155.MOV,mediumseagreen-limegreen,Unknown,930.93pxx2
2025-04-29 08:56:58,IMG_1155.MOV,mediumseagreen-limegreen,Unknown,935.23pxx2
2025-04-29 08:56:59,IMG_1155.MOV,mediumseagreen-limegreen,Unknown,939.51pxx2
2025-04-29 08:57:00,IMG_1155.MOV,mediumseagreen-limegreen,Unknown,943.93pxx2
2025-04-29 08:57:00,IMG_1155.MOV,mediumseagreen-limegreen,Unknown,948.42pxx2
2025-04-29 08:57:26,IMG_1155.MOV,yellowgreen-mediumseagreen,Unknown,952.95pxx2
2025-04-29 08:57:27,IMG_1155.MOV,yellowgreen-mediumseagreen,Unknown,957.53pxx2
2025-04-29 08:57:28,IMG_1155.MOV,yellowgreen-mediumseagreen,Unknown,962.17pxx2
2025-04-29 08:57:31,IMG_1155.MOV,yellowgreen-mediumseagreen,Unknown,966.75pxx2
2025-04-29 09:17:42,IMG_1155.MOV,mediumseagreen-cadetblue,Unknown,971.71pxx2
2025-04-29 09:17:42,IMG_1155.MOV,mediumseagreen-cadetblue,Unknown,976.76pxx2
2025-04-29 09:17:43,IMG_1155.MOV,mediumseagreen-cadetblue,Unknown,981.94pxx2
2025-04-29 09:17:44,IMG_1155.MOV,mediumseagreen-cadetblue,Unknown,986.96pxx2
2025-04-29 09:17:44,IMG_1155.MOV,mediumseagreen-cadetblue,Unknown,991.89pxx2
2025-04-29 09:17:45,IMG_1155.MOV,mediumseagreen-cadetblue,Unknown,996.81pxx2
2025-04-29 09:19:52,IMG_1155.MOV,mediumseagreen-lightgreen,Unknown,1001.57pxx2
2025-04-29 09:20:40,IMG_1155.MOV,cornflowerblue-mediumslateblue,Unknown,1001.81pxx2
2025-04-29 09:55:29,IMG_1156.MOV,mediumpurple-cornflowerblue,Unknown,1002.06pxx2
2025-04-29 09:55:30,IMG_1156.MOV,lightslategray-cadetblue,Unknown,1002.25pxx2
2025-04-29 09:55:51,IMG_1156.MOV,gainsboro-mistyrose,Unknown,1002.36pxx2
2025-04-29 09:57:23,IMG_1156.MOV,mediumseagreen-mediumaquamarine,Unknown,1007.15pxx2
2025-04-29 09:58:26,IMG_1156.MOV,mediumseagreen-mediumaquamarine,Unknown,1012.00pxx2
2025-04-29 09:58:26,IMG_1156.MOV,mediumseagreen-mediumaquamarine,Unknown,1016.74pxx2
2025-04-29 09:58:27,IMG_1156.MOV,mediumseagreen-mediumaquamarine,Unknown,1021.54pxx2
2025-04-29 09:58:28,IMG_1156.MOV,mediumseagreen-mediumaquamarine,Unknown,1026.31pxx2
2025-04-29 09:58:28,IMG_1156.MOV,mediumseagreen-mediumaquamarine,Unknown,1031.03pxx2
2025-04-29 09:58:29,IMG_1156.MOV,mediumseagreen-mediumaquamarine,Unknown,1035.89pxx2
2025-04-29 09:58:30,IMG_1156.MOV,mediumseagreen-mediumaquamarine,Unknown,1040.48pxx2
2025-04-29 09:58:31,IMG_1156.MOV,mediumseagreen-mediumaquamarine,Unknown,1045.36pxx2
2025-04-29 09:58:32,IMG_1156.MOV,mediumseagreen-mediumaquamarine,Unknown,1050.08pxx2
2025-04-29 09:58:32,IMG_1156.MOV,mediumseagreen-mediumaquamarine,Unknown,1054.82pxx2
2025-04-29 09:58:33,IMG_1156.MOV,mediumseagreen-mediumaquamarine,Unknown,1059.51pxx2
2025-04-29 09:58:34,IMG_1156.MOV,mediumseagreen-mediumaquamarine,Unknown,1064.09pxx2
2025-04-29 09:58:34,IMG_1156.MOV,mediumseagreen-mediumaquamarine,Unknown,1068.64pxx2
2025-04-29 09:58:35,IMG_1156.MOV,mediumseagreen-mediumaquamarine,Unknown,1073.27pxx2
2025-04-29 09:58:36,IMG_1156.MOV,mediumseagreen-mediumaquamarine,Unknown,1078.01pxx2
2025-04-29 09:58:36,IMG_1156.MOV,mediumseagreen-mediumaquamarine,Unknown,1082.80pxx2
2025-04-29 09:58:37,IMG_1156.MOV,mediumseagreen-mediumaquamarine,Unknown,1087.35pxx2
2025-04-29 09:58:38,IMG_1156.MOV,mediumseagreen-mediumaquamarine,Unknown,1091.92pxx2
2025-04-29 09:58:38,IMG_1156.MOV,mediumseagreen-mediumaquamarine,Unknown,1096.51pxx2
2025-04-29 09:58:39,IMG_1156.MOV,mediumseagreen-mediumaquamarine,Unknown,1101.03pxx2
2025-04-29 09:58:40,IMG_1156.MOV,mediumseagreen-lightgreen,Unknown,1105.51pxx2
2025-04-29 09:58:40,IMG_1156.MOV,mediumseagreen-lightgreen,Unknown,1110.00pxx2
2025-04-29 09:58:41,IMG_1156.MOV,mediumseagreen-lightgreen,Unknown,1114.55pxx2
2025-04-29 09:58:56,IMG_1156.MOV,mediumseagreen-mediumaquamarine,Unknown,1119.16pxx2
2025-04-29 09:59:15,IMG_1156.MOV,mediumseagreen-mediumaquamarine,Unknown,1123.62pxx2
2025-04-29 09:59:32,IMG_1156.MOV,mediumseagreen-mediumaquamarine,Unknown,1128.34pxx2
2025-04-29 09:59:33,IMG_1156.MOV,mediumseagreen-mediumaquamarine,Unknown,1133.20pxx2
2025-04-29 10:00:01,IMG_1156.MOV,mediumseagreen-mediumaquamarine,Unknown,1137.78pxx2
2025-04-29 10:00:01,IMG_1156.MOV,mediumseagreen-mediumaquamarine,Unknown,1142.43pxx2
2025-04-29 10:00:02,IMG_1156.MOV,mediumseagreen-mediumaquamarine,Unknown,1147.09pxx2
2025-04-29 10:00:03,IMG_1156.MOV,mediumseagreen-mediumaquamarine,Unknown,1151.92pxx2
2025-04-29 10:00:04,IMG_1156.MOV,mediumseagreen-mediumaquamarine,Unknown,1156.50pxx2
2025-04-29 10:00:04,IMG_1156.MOV,mediumseagreen-mediumaquamarine,Unknown,1161.03pxx2
2025-04-29 10:00:05,IMG_1156.MOV,mediumseagreen-mediumaquamarine,Unknown,1165.75pxx2
2025-04-29 10:00:06,IMG_1156.MOV,mediumseagreen-mediumaquamarine,Unknown,1170.53pxx2
2025-04-29 10:00:06,IMG_1156.MOV,mediumseagreen-mediumaquamarine,Unknown,1175.16pxx2
2025-04-29 10:00:07,IMG_1156.MOV,mediumseagreen-mediumaquamarine,Unknown,1179.71pxx2
2025-04-29 10:00:08,IMG_1156.MOV,mediumseagreen-mediumaquamarine,Unknown,1184.24pxx2
2025-04-29 10:00:08,IMG_1156.MOV,mediumseagreen-mediumaquamarine,Unknown,1188.61pxx2
2025-04-29 10:00:30,IMG_1156.MOV,mediumseagreen-mediumaquamarine,Unknown,1193.00pxx2
2025-04-29 10:00:31,IMG_1156.MOV,mediumseagreen-mediumaquamarine,Unknown,1197.44pxx2
2025-04-29 10:00:31,IMG_1156.MOV,mediumseagreen-mediumaquamarine,Unknown,1201.93pxx2
2025-04-29 10:00:32,IMG_1156.MOV,mediumseagreen-mediumaquamarine,Unknown,1206.37pxx2
2025-04-29 10:01:21,IMG_1156.MOV,mediumseagreen-mediumaquamarine,Unknown,1210.84pxx2
2025-04-29 10:01:21,IMG_1156.MOV,mediumseagreen-mediumaquamarine,Unknown,1215.53pxx2
2025-04-29 10:01:22,IMG_1156.MOV,mediumseagreen-mediumaquamarine,Unknown,1219.89pxx2
2025-04-29 10:01:23,IMG_1156.MOV,mediumseagreen-mediumaquamarine,Unknown,1224.21pxx2
2025-04-29 10:01:24,IMG_1156.MOV,mediumseagreen-mediumaquamarine,Unknown,1228.60pxx2
2025-04-29 10:01:25,IMG_1156.MOV,mediumseagreen-mediumaquamarine,Unknown,1232.88pxx2
2025-04-29 10:01:26,IMG_1156.MOV,mediumseagreen-mediumaquamarine,Unknown,1237.27pxx2
2025-04-29 10:01:28,IMG_1156.MOV,mediumseagreen-mediumaquamarine,Unknown,1241.65pxx2
2025-04-29 10:03:08,IMG_1156.MOV,mediumaquamarine-mediumseagreen,Unknown,1246.07pxx2
2025-04-29 10:03:10,IMG_1156.MOV,mediumaquamarine-mediumseagreen,Unknown,1250.90pxx2
2025-04-29 10:03:12,IMG_1156.MOV,mediumaquamarine-mediumseagreen,Unknown,1255.34pxx2
2025-04-29 10:04:31,IMG_1156.MOV,mediumseagreen-darkseagreen,Unknown,1259.97pxx2
2025-04-29 10:04:32,IMG_1156.MOV,mediumseagreen-darkseagreen,Unknown,1264.48pxx2
2025-04-29 10:07:54,IMG_1156.MOV,mediumaquamarine-mediumseagreen,Unknown,1268.81pxx2
2025-04-29 10:07:55,IMG_1156.MOV,mediumaquamarine-mediumseagreen,Unknown,1273.12pxx2
2025-04-29 10:39:05,IMG_1156.MOV,mediumseagreen-mediumaquamarine,Unknown,1276.85pxx2
2025-04-29 10:39:08,IMG_1156.MOV,steelblue-cadetblue,Unknown,1277.23pxx2
2025-04-29 10:54:04,IMG_1156.MOV,mediumaquamarine-mediumseagreen,Unknown,1281.50pxx2
2025-04-29 11:08:09,IMG_1156.MOV,mediumseagreen-mediumaquamarine,Unknown,1285.69pxx2
2025-04-29 11:08:11,IMG_1156.MOV,mediumseagreen-mediumaquamarine,Unknown,1289.84pxx2
2025-04-29 11:08:12,IMG_1156.MOV,mediumseagreen-mediumaquamarine,Unknown,1293.97pxx2
2025-04-29 11:10:36,IMG_1156.MOV,mediumseagreen-mediumaquamarine,Unknown,1298.21pxx2
2025-04-29 11:11:03,IMG_1156.MOV,mediumseagreen-mediumaquamarine,Unknown,1302.40pxx2
2025-04-29 11:11:03,IMG_1156.MOV,mediumseagreen-mediumaquamarine,Unknown,1306.67pxx2
2025-04-29 11:11:03,IMG_1156.MOV,gainsboro-lavender,Unknown,1307.29pxx2
2025-04-29 11:11:04,IMG_1156.MOV,mediumseagreen-mediumaquamarine,Unknown,1311.44pxx2
2025-04-29 11:11:05,IMG_1156.MOV,mediumseagreen-mediumaquamarine,Unknown,1315.55pxx2
2025-04-29 11:11:05,IMG_1156.MOV,mediumseagreen-mediumaquamarine,Unknown,1319.77pxx2
2025-04-29 11:11:06,IMG_1156.MOV,mediumseagreen-mediumaquamarine,Unknown,1323.93pxx2
2025-04-29 11:11:07,IMG_1156.MOV,mediumseagreen-mediumaquamarine,Unknown,1328.18pxx2
2025-04-29 11:11:07,IMG_1156.MOV,mediumseagreen-mediumaquamarine,Unknown,1332.40pxx2
2025-04-29 11:11:08,IMG_1156.MOV,mediumseagreen-mediumaquamarine,Unknown,1336.72pxx2
2025-04-29 11:11:08,IMG_1156.MOV,mediumseagreen-mediumaquamarine,Unknown,1341.15pxx2
2025-04-29 11:11:09,IMG_1156.MOV,mediumseagreen-mediumaquamarine,Unknown,1345.47pxx2
2025-04-29 11:11:10,IMG_1156.MOV,mediumseagreen-mediumaquamarine,Unknown,1349.80pxx2
2025-04-29 11:11:16,IMG_1156.MOV,mediumseagreen-mediumaquamarine,Unknown,1354.25pxx2
2025-04-29 11:11:16,IMG_1156.MOV,mediumseagreen-mediumaquamarine,Unknown,1358.80pxx2
2025-04-29 11:11:17,IMG_1156.MOV,mediumseagreen-mediumaquamarine,Unknown,1363.21pxx2
2025-04-29 11:11:18,IMG_1156.MOV,mediumseagreen-mediumaquamarine,Unknown,1367.61pxx2
2025-04-29 11:11:18,IMG_1156.MOV,mediumseagreen-mediumaquamarine,Unknown,1371.97pxx2
2025-04-29 11:11:19,IMG_1156.MOV,mediumseagreen-mediumaquamarine,Unknown,1376.24pxx2
2025-04-29 11:11:19,IMG_1156.MOV,mediumseagreen-mediumaquamarine,Unknown,1380.52pxx2
2025-04-29 11:11:20,IMG_1156.MOV,mediumseagreen-mediumaquamarine,Unknown,1384.87pxx2
2025-04-29 11:11:21,IMG_1156.MOV,mediumseagreen-mediumaquamarine,Unknown,1389.17pxx2
2025-04-29 11:11:21,IMG_1156.MOV,mediumseagreen-mediumaquamarine,Unknown,1393.46pxx2
2025-04-29 11:11:22,IMG_1156.MOV,mediumseagreen-mediumaquamarine,Unknown,1397.65pxx2
2025-04-29 11:11:23,IMG_1156.MOV,mediumseagreen-mediumaquamarine,Unknown,1401.86pxx2
2025-04-29 11:11:23,IMG_1156.MOV,mediumseagreen-mediumaquamarine,Unknown,1406.17pxx2
2025-04-29 11:11:24,IMG_1156.MOV,mediumseagreen-mediumaquamarine,Unknown,1410.45pxx2
2025-04-29 11:11:24,IMG_1156.MOV,mediumseagreen-mediumaquamarine,Unknown,1414.77pxx2
2025-04-29 11:11:25,IMG_1156.MOV,mediumseagreen-mediumaquamarine,Unknown,1419.12pxx2
2025-04-29 11:11:26,IMG_1156.MOV,mediumseagreen-mediumaquamarine,Unknown,1423.58pxx2
2025-04-29 11:11:26,IMG_1156.MOV,mediumseagreen-mediumaquamarine,Unknown,1427.95pxx2
2025-04-29 11:11:27,IMG_1156.MOV,mediumseagreen-mediumaquamarine,Unknown,1432.27pxx2
2025-04-29 11:11:27,IMG_1156.MOV,mediumseagreen-mediumaquamarine,Unknown,1436.74pxx2
2025-04-29 11:11:28,IMG_1156.MOV,mediumseagreen-mediumaquamarine,Unknown,1441.13pxx2
2025-04-29 11:11:28,IMG_1156.MOV,mediumseagreen-mediumaquamarine,Unknown,1445.60pxx2
2025-04-29 11:11:29,IMG_1156.MOV,mediumseagreen-mediumaquamarine,Unknown,1450.04pxx2
2025-04-29 11:11:30,IMG_1156.MOV,mediumseagreen-mediumaquamarine,Unknown,1454.55pxx2
2025-04-29 11:11:30,IMG_1156.MOV,mediumseagreen-mediumaquamarine,Unknown,1458.99pxx2
2025-04-29 11:11:31,IMG_1156.MOV,mediumseagreen-mediumaquamarine,Unknown,1463.49pxx2
2025-04-29 11:11:31,IMG_1156.MOV,mediumseagreen-mediumaquamarine,Unknown,1467.99pxx2
2025-04-29 11:11:32,IMG_1156.MOV,mediumseagreen-mediumaquamarine,Unknown,1472.47pxx2
2025-04-29 11:11:33,IMG_1156.MOV,mediumseagreen-mediumaquamarine,Unknown,1476.95pxx2
2025-04-29 11:11:33,IMG_1156.MOV,mediumseagreen-mediumaquamarine,Unknown,1481.44pxx2
2025-04-29 11:11:34,IMG_1156.MOV,mediumseagreen-mediumaquamarine,Unknown,1485.94pxx2
2025-04-29 11:11:34,IMG_1156.MOV,mediumseagreen-mediumaquamarine,Unknown,1490.54pxx2
2025-04-29 11:11:35,IMG_1156.MOV,mediumseagreen-mediumaquamarine,Unknown,1494.89pxx2
2025-04-29 11:11:35,IMG_1156.MOV,mediumseagreen-mediumaquamarine,Unknown,1499.27pxx2
2025-04-29 11:11:36,IMG_1156.MOV,mediumseagreen-mediumaquamarine,Unknown,1503.60pxx2
2025-04-29 11:11:37,IMG_1156.MOV,mediumseagreen-mediumaquamarine,Unknown,1508.13pxx2
2025-04-29 11:11:37,IMG_1156.MOV,mediumseagreen-mediumaquamarine,Unknown,1512.55pxx2
2025-04-29 11:11:38,IMG_1156.MOV,mediumseagreen-mediumaquamarine,Unknown,1516.95pxx2
2025-04-29 11:11:38,IMG_1156.MOV,mediumseagreen-mediumaquamarine,Unknown,1521.34pxx2
2025-04-29 11:13:07,IMG_1156.MOV,mediumseagreen-mediumaquamarine,Unknown,1525.58pxx2
2025-04-29 11:13:07,IMG_1156.MOV,mediumseagreen-mediumaquamarine,Unknown,1530.12pxx2
2025-04-29 11:13:08,IMG_1156.MOV,mediumseagreen-mediumaquamarine,Unknown,1534.53pxx2
2025-04-29 11:13:09,IMG_1156.MOV,mediumseagreen-mediumaquamarine,Unknown,1539.06pxx2
2025-04-29 11:13:09,IMG_1156.MOV,mediumseagreen-mediumaquamarine,Unknown,1543.79pxx2
2025-04-29 11:13:10,IMG_1156.MOV,mediumseagreen-mediumaquamarine,Unknown,1548.42pxx2
2025-04-29 11:13:11,IMG_1156.MOV,mediumseagreen-mediumaquamarine,Unknown,1553.01pxx2
2025-04-29 11:13:11,IMG_1156.MOV,mediumseagreen-mediumaquamarine,Unknown,1557.66pxx2
2025-04-29 11:13:12,IMG_1156.MOV,mediumseagreen-mediumaquamarine,Unknown,1562.37pxx2
2025-04-29 11:13:13,IMG_1156.MOV,mediumseagreen-mediumaquamarine,Unknown,1566.70pxx2
2025-04-29 11:13:13,IMG_1156.MOV,mediumseagreen-mediumaquamarine,Unknown,1571.10pxx2
2025-04-29 11:13:14,IMG_1156.MOV,mediumseagreen-mediumaquamarine,Unknown,1575.53pxx2
2025-04-29 11:13:14,IMG_1156.MOV,mediumseagreen-mediumaquamarine,Unknown,1579.86pxx2
2025-04-29 11:13:15,IMG_1156.MOV,mediumseagreen-mediumaquamarine,Unknown,1584.22pxx2
2025-04-29 11:14:43,IMG_1156.MOV,mediumseagreen-mediumaquamarine,Unknown,1588.44pxx2
2025-04-29 11:14:44,IMG_1156.MOV,mediumseagreen-mediumaquamarine,Unknown,1592.90pxx2
2025-04-29 11:14:45,IMG_1156.MOV,mediumseagreen-mediumaquamarine,Unknown,1597.33pxx2
2025-04-29 11:14:45,IMG_1156.MOV,mediumseagreen-mediumaquamarine,Unknown,1601.90pxx2
2025-04-29 11:14:46,IMG_1156.MOV,mediumseagreen-mediumaquamarine,Unknown,1606.44pxx2
2025-04-29 11:14:47,IMG_1156.MOV,mediumseagreen-mediumaquamarine,Unknown,1611.10pxx2
2025-04-29 11:14:47,IMG_1156.MOV,mediumseagreen-mediumaquamarine,Unknown,1615.66pxx2
2025-04-29 11:14:48,IMG_1156.MOV,mediumseagreen-mediumaquamarine,Unknown,1620.30pxx2
2025-04-29 11:14:54,IMG_1156.MOV,mediumseagreen-mediumaquamarine,Unknown,1624.85pxx2
2025-04-29 11:14:55,IMG_1156.MOV,mediumseagreen-mediumaquamarine,Unknown,1629.36pxx2
2025-04-29 11:14:55,IMG_1156.MOV,mediumseagreen-mediumaquamarine,Unknown,1633.81pxx2
2025-04-29 11:14:56,IMG_1156.MOV,mediumseagreen-mediumaquamarine,Unknown,1638.15pxx2
2025-04-29 11:14:57,IMG_1156.MOV,mediumseagreen-mediumaquamarine,Unknown,1642.46pxx2
2025-04-29 11:14:57,IMG_1156.MOV,mediumseagreen-mediumaquamarine,Unknown,1646.91pxx2
2025-04-29 11:14:58,IMG_1156.MOV,mediumseagreen-mediumaquamarine,Unknown,1651.28pxx2
2025-04-29 11:14:59,IMG_1156.MOV,mediumseagreen-mediumaquamarine,Unknown,1655.68pxx2
2025-04-29 11:14:59,IMG_1156.MOV,mediumseagreen-mediumaquamarine,Unknown,1660.21pxx2
2025-04-29 11:15:00,IMG_1156.MOV,mediumseagreen-mediumaquamarine,Unknown,1664.52pxx2
2025-04-29 11:15:01,IMG_1156.MOV,mediumseagreen-mediumaquamarine,Unknown,1668.66pxx2
2025-04-29 11:15:01,IMG_1156.MOV,mediumseagreen-mediumaquamarine,Unknown,1673.01pxx2
2025-04-29 11:15:02,IMG_1156.MOV,mediumseagreen-mediumaquamarine,Unknown,1677.26pxx2
2025-04-29 11:15:02,IMG_1156.MOV,mediumseagreen-mediumaquamarine,Unknown,1681.42pxx2
2025-04-29 11:15:03,IMG_1156.MOV,mediumseagreen-mediumaquamarine,Unknown,1685.66pxx2
2025-04-29 11:15:04,IMG_1156.MOV,mediumseagreen-mediumaquamarine,Unknown,1689.90pxx2
2025-04-29 11:15:04,IMG_1156.MOV,mediumseagreen-mediumaquamarine,Unknown,1694.22pxx2
2025-04-29 11:15:05,IMG_1156.MOV,mediumseagreen-mediumaquamarine,Unknown,1698.52pxx2
2025-04-29 11:15:06,IMG_1156.MOV,mediumseagreen-mediumaquamarine,Unknown,1702.64pxx2
2025-04-29 11:15:06,IMG_1156.MOV,mediumseagreen-mediumaquamarine,Unknown,1706.80pxx2
2025-04-29 11:15:07,IMG_1156.MOV,mediumseagreen-mediumaquamarine,Unknown,1711.11pxx2
2025-04-29 11:15:07,IMG_1156.MOV,mediumseagreen-mediumaquamarine,Unknown,1715.28pxx2
2025-04-29 11:15:08,IMG_1156.MOV,mediumseagreen-mediumaquamarine,Unknown,1719.64pxx2
2025-04-29 11:15:09,IMG_1156.MOV,mediumseagreen-mediumaquamarine,Unknown,1723.95pxx2
2025-04-29 11:15:09,IMG_1156.MOV,mediumseagreen-mediumaquamarine,Unknown,1728.27pxx2
2025-04-29 11:15:10,IMG_1156.MOV,mediumseagreen-mediumaquamarine,Unknown,1732.56pxx2
2025-04-29 11:15:11,IMG_1156.MOV,mediumseagreen-mediumaquamarine,Unknown,1736.87pxx2
2025-04-29 11:15:11,IMG_1156.MOV,mediumseagreen-mediumaquamarine,Unknown,1741.11pxx2
2025-04-29 11:15:12,IMG_1156.MOV,mediumseagreen-mediumaquamarine,Unknown,1745.36pxx2
2025-04-29 11:15:12,IMG_1156.MOV,mediumseagreen-mediumaquamarine,Unknown,1749.55pxx2
2025-04-29 11:15:13,IMG_1156.MOV,mediumseagreen-mediumaquamarine,Unknown,1753.94pxx2
2025-04-29 11:15:14,IMG_1156.MOV,mediumseagreen-mediumaquamarine,Unknown,1758.39pxx2
2025-04-29 11:15:14,IMG_1156.MOV,mediumseagreen-mediumaquamarine,Unknown,1762.70pxx2
2025-04-29 11:15:15,IMG_1156.MOV,mediumseagreen-mediumaquamarine,Unknown,1767.03pxx2
2025-04-29 11:15:16,IMG_1156.MOV,mediumseagreen-mediumaquamarine,Unknown,1771.26pxx2
2025-04-29 11:15:16,IMG_1156.MOV,mediumseagreen-mediumaquamarine,Unknown,1775.58pxx2
2025-04-29 11:15:17,IMG_1156.MOV,mediumseagreen-mediumaquamarine,Unknown,1779.85pxx2
2025-04-29 11:15:18,IMG_1156.MOV,mediumseagreen-mediumaquamarine,Unknown,1784.40pxx2
2025-04-29 11:20:34,IMG_1156.MOV,mediumaquamarine-mediumseagreen,Unknown,1788.88pxx2
2025-04-29 11:21:37,IMG_1156.MOV,lightblue-lightsteelblue,Unknown,1789.65pxx2
2025-04-29 11:21:38,IMG_1156.MOV,lightblue-lightsteelblue,Unknown,1790.40pxx2
2025-04-29 11:21:42,IMG_1156.MOV,lightsteelblue-lightblue,Unknown,1791.07pxx2
2025-04-29 11:21:43,IMG_1156.MOV,lightsteelblue-lightblue,Unknown,1791.84pxx2
2025-04-29 11:21:44,IMG_1156.MOV,lightsteelblue-lightblue,Unknown,1792.58pxx2

Final Total Volume,1157.8645780758063 ml
